place,adrs
쉼박물관,서울 종로구 홍지동 36-20
무계원,서울 종로구 부암동 327
디큐브시티,서울 구로구 신도림동 692
서울여성플라자,서울 동작구 대방동 345-1
aT센터,서울 서초구 양재동 232
성수동 갈비골목,서울 성동구 성수동1가 668-21
커먼그라운드,서울 광진구 자양동 17-1
센트럴시티 터미널,서울 서초구 반포동 19-5
고투몰,서울 서초구 잠원동 68-17
파미에스테이션,서울 서초구 반포동 19-3
라바타운,서울 종로구 신문로2가 1-153
솔밭근린공원,서울 강북구 우이동 80
한국천주교순교자박물관,서울 마포구 합정동 96-1
돈의문전시관,서울 종로구 신문로2가 7-33
녹사평역 지하예술정원,서울 용산구 용산동4가 4
서울메트로미술관,서울 종로구 적선동 81-1
오!재미동,서울 중구 필동2가 16-2
이태원 앤틱 가구거리,서울 용산구 이태원동 11-27
포린북스토어,서울 용산구 이태원동 533
한신옹기,서울 용산구 용산동2가 5-1612
장충동 족발골목,서울 중구 장충동1가 56-17
신림동 순대타운,서울 관악구 신림동 1640-31
성수연방,서울 성동구 성수동2가 322-4
비트 롯데월드몰점,서울 송파구 신천동 29
DDP 이니스프리 셀프스토어,서울 중구 을지로7가 2-1
랩원오원,서울 마포구 서교동 404-28
숲숨,서울 강남구 신사동 642-6
한식문화관,서울 중구 다동 10
SKY31 푸드애비뉴,서울 송파구 신천동 29
해방촌 골목,서울 용산구 용산동2가 11-13
백범광장공원,서울 중구 회현동1가 100-5
아크앤북,서울 중구 을지로1가 87
더리버 마리나 ,서울 서초구 반포동 1337-4
더리버,서울 서초구 반포동 1337-4
피터팬1978,서울 서대문구 봉원동 산 2-1
스타벅스 코리아 1호점,서울 서대문구 대현동 54-4
연세대 캠퍼스,서울 서대문구 신촌동 134
봉원사,서울 서대문구 봉원동 산 2-1
ECC(Ewha Campus Complex),서울 서대문구 대현동 11-1
전골목,서울 마포구 공덕동 256-10
족발골목,서울 마포구 공덕동 256-10
공덕시장,서울 마포구 공덕동 256-10
CGV 씨네 라이브러리,서울 중구 충무로2가 65-9
복지탁구장,서울 서대문구 창천동 18-31
홍익문고,서울 서대문구 창천동 18-49
미도사진관,서울 서대문구 창천동 72-6
훼드라,서울 서대문구 창천동 62-4
독수리다방,서울 서대문구 창천동 31-4
춘추사,서울 서대문구 대현동 53-4
연희사진관,서울 서대문구 대현동 40-14
사직공원,서울 종로구 사직동 1-28
청계천 판잣집 체험관,서울 성동구 마장동 527-4
인사1길 컬쳐스페이스,서울 종로구 인사동 133
금남시장,서울 성동구 금호동3가 429
연서시장,서울 은평구 불광동 310-11
영천시장,서울 서대문구 영천동 268-5
남성사계시장,서울 동작구 사당동 91-177
대림중앙시장,서울 영등포구 대림동 1075-1
VR FUTURE CINEMA,서울 송파구 신천동 29
해창양복점,서울 중구 소공동 81
글벗서점,서울 마포구 동교동 183-1
호미화방,서울 마포구 서교동 357-1
저스트케이팝,서울 송파구 신천동 29
비스타워커힐서울,서울 광진구 광장동 22-1
봉일스파랜드,서울 관악구 봉천동 951-25
우리유황온천,서울 광진구 자양동 663-21
라뜰리에,서울 중구 을지로6가 17-2
사운즈 한남,서울 용산구 한남동 657-128
그날 그 한복,서울 종로구 사간동 97-7
유일한의원,서울 종로구 종로6가 30-1
북촌목공예공방,서울 종로구 계동 2-31
가원공방,서울 종로구 봉익동 23
노을공원,서울 마포구 상암동 481-6
봉산 ,서울 은평구 구산동 산 135-8
아차산,서울 광진구 구의동 3-19
서래섬,서울 서초구 반포동 115-5
서울음악사,서울 중구 을지로1가 50-1
서울상회,서울 중구 남창동 34-1
돌 레코드,서울 중구 황학동 41
삼보원,서울 종로구 견지동 50-2
대구참기름집,서울 종로구 계동 79-8
서울식물원,서울 강서구 마곡동 812
이음피움 봉제역사관,서울 종로구 창신동 647-50
카카오프렌즈 홍대 플래그십 스토어,서울 마포구 동교동 165-5
카카오프렌즈 강남 플래그십 스토어,서울 서초구 서초동 1305-7
망우산 사색의 길,서울 중랑구 망우동 산 57-1
카페 무자비,서울 용산구 남영동 40-3
삼청로 안내소,서울 종로구 화동 61
신촌역사 관광안내소,서울 서대문구 신촌동 74-12
DDP 관광안내소,서울 중구 을지로7가 2-1
시민청 관광안내소,서울 중구 태평로1가 31
광화문 관광안내소,서울 종로구 세종로 211
홍대입구 관광안내소,서울 마포구 서교동 345-30
잠실 관광안내소,서울 송파구 잠실동 40-1
삼일교 관광안내소,서울 종로구 관철동 10-2
남대문시장 관광안내소,서울 중구 남창동 52-1
이태원 관광안내소(지하),서울 용산구 이태원동 119-23
카페 아르무아,서울 광진구 화양동 5-32
이태원 관광안내소(지상),서울 용산구 이태원동 119-23
동대문 관광안내소,서울 중구 을지로6가 18-21
용산역관광정보센터,서울 용산구 한강로3가 40-999
서울역관광정보센터,서울 용산구 동자동 43-205
송파관광정보센터,서울 송파구 신천동 32
신촌 플레이버스,서울 서대문구 창천동 31-123
영등포관광정보센터,서울 영등포구 영등포동4가 442
마포관광정보센터,서울 마포구 서교동 348-1
북촌마을관광안내소,서울 종로구 화동 2
초대길,서울 강북구 수유동 산 73-23
평화문화진지,서울 도봉구 도봉동 6-5
국립 4·19 민주묘지,서울 강북구 수유동 산 7-1
근현대사기념관,서울 강북구 수유동 산 73-23
가락몰,서울 송파구 가락동 600
평화시장,서울 중구 을지로6가 17-48
한영양복점,서울 중구 남산동2가 31-1
송림수제화,서울 중구 을지로3가 5-10
박인당,서울 종로구 관철동 252-1
문화이용원,서울 종로구 명륜2가 4-1
인터파크 VR,서울 용산구 한남동 727-56
공근혜갤러리,서울 종로구 삼청동 157-78
공평도시유적전시관,서울 종로구 공평동 5-1
카페 플래트,서울 마포구 연남동 488-11
마이시티 상암점,서울 마포구 상암동 1606
삼거리푸줏간 센트럴시티점,서울 서초구 반포동 118-3
별마당 도서관,서울 강남구 삼성동 159
명장족,서울 강남구 논현동 85
대한곱창(장안점),서울 동대문구 장안동 433-20
하하&김종국의 401 정육식당,서울 마포구 서교동 395-17
지능계발,서울 마포구 망원동 397-14
두루,서울 강남구 청담동 21-7
ROOF AND 한남점,서울 용산구 한남동 727-21
난장캠프,서울 강남구 신사동 519-26
통문관,서울 종로구 관훈동 147
탈방 ,서울 종로구 관훈동 71
납청놋전,서울 종로구 관훈동 192-13
명신당필방,서울 종로구 관훈동 18
팝콘D스퀘어 ( POPCONDSQUARE) ,서울 용산구 한강로3가 40-999
CJ 올리브마켓,서울 중구 쌍림동 292
샤오짠(Xiaozhan),서울 강남구 신사동 657-22
니트커피(NIT Coffee),서울 마포구 성산동 59-6
황가네 꼼장군,서울 영등포구 영등포동3가 5-1
하루앤원데이(Haru&Oneday),서울 성동구 성수동2가 314-5
89맨션(89MANSION),서울 강남구 신사동 523-30
갤러리 3안,서울 종로구 삼청동 27-22
아원공방,서울 종로구 소격동 143
인천공항 제2여객터미널 관광정보센터 ,인천 중구 운서동 2840
골든블루마리나,서울 서초구 반포동 650
HERMITAGE by H,서울 중구 남대문로5가 395
SJ쿤스트할레,서울 강남구 논현동 97-22
정동마루,서울 중구 정동 8-11
종로양복점,서울 중구 저동2가 78
국선옻칠,서울 종로구 예지동 2-1
구하산방,서울 종로구 인사동 188-4
서울중앙우체국,서울 중구 충무로1가 21-1
터치스카이 빵쇼,서울 영등포구 여의도동 61
쇼비보이,서울 중구 정동 22
명보아트홀 <드럼캣>,서울 중구 초동 18-5
돈의문 박물관마을,서울 종로구 신문로2가 7-22
숙정문,서울 성북구 성북동 산 25-1
돈의문 터(옛 서대문),서울 종로구 평동 108-1
소덕문 터(옛 서소문),서울 중구 서소문동 58-25
온고푸드커뮤니케이션,서울 종로구 낙원동 55-1 3층
창의문,서울시 종로구 부암동 277-11
서울시립과학관,서울 노원구 하계동 21
장안평자동차산업종합정보센터,서울 성동구 용답동 234
혜화문,서울 종로구 혜화동 28-5
광희문,서울 중구 신당동 228-16
서울시50플러스 남부캠퍼스,서울 구로구 오류동 156-194
경춘선숲길,서울 노원구 하계동 
서울창업허브,서울 마포구 공덕동 370-4
양재 R&CD 혁신허브,서울 서초구 우면동 142
덕수궁돌담길,서울 중구 정동 5-1
세운상가,서울 종로구 장사동 116-4
서울혁신파크,서울 은평구 녹번동 5-29
문화비축기지,서울 마포구 성산동 661
서울바이오허브,서울 동대문구 회기동 109-140
서울하수도과학관,서울 성동구 용답동 249-1
SeMA 벙커 ,서울 영등포구 여의도동 2-6
서울새활용플라자,서울 성동구 용답동 250-14
서울로7017,서울 중구 만리동1가 61-2
서울함 공원,서울 마포구 망원동 205-5
백남준기념관,서울 종로구 창신동 197-33
정샘물 플롭스,서울 강남구 신사동 534-5
요원체험 어드벤처 <판타스틱엠>,서울 강남구 역삼동 811-6
숭례문(남대문),서울 중구 남대문로4가 29
아이스 테마파크 <프리징 아일랜드>,서울 종로구 관철동 33-1
성재전통건축자료관,서울 종로구 원서동 135-2
성수동 유니온스타 볼링클럽,서울 성동구 성수동2가 315-70
주얼리복합문화공간 스페이스42,서울 종로구 권농동 190-2
놀이똥산,서울 종로구 공평동 1
다이나믹 메이즈,서울 종로구 관훈동 38
박물관은 살아있다-인사동점,서울 종로구 인사동 43
롯데월드타워,서울 송파구 신천동 29
백인제가옥,서울 종로구 가회동 93-1
SJ비보이즈 ‘쿵’ 페스티벌,서울 마포구 서교동 338-8
한복체험 붐빔,서울 송파구 신천동 7-18
아라리오뮤지엄 인 스페이스,서울 종로구 원서동 219
해라 판타스틱,서울 중구 충정로1가 85
국립고궁박물관,서울 종로구 세종로 1-57
경찰박물관,서울 종로구 신문로2가 58
국립한글박물관,서울 용산구 용산동6가 168-6
국립중앙박물관 어린이박물관,서울 용산구 용산동6가 168-6
포시즌스 쿠킹 클래스,서울 마포구 현석동 222
카몽(KAMONG),서울 서초구 서초동 1678-4
스튜디오콘크리트,서울 용산구 한남동 795-3
라인프렌즈 플래그십 스토어 이태원점,서울 용산구 이태원동 126-3
삼해소주가,서울 종로구 원서동 4-9
코리안바베큐 개롱점,서울 송파구 가락동 196
설빙 신림2호점,서울 관악구 신림동 1432-73
펭귄스카페 (S&Penguins cafe),서울 서초구 서초동 1626-4
신세계면세점 (명동점),서울 중구 충무로1가 54
젠틀몬스터 신사 플래그쉽 스토어,서울 강남구 신사동 533-6
와이지리퍼블리크 (YG REPUBLIQUE),서울 중구 명동1가 59-1
컬처앤네이처,서울 강남구 청담동 1-1
카나비 스트리트 (CARNABY ST),서울 성동구 성수동1가 656-947
장진우식당,서울 용산구 이태원동 249-15
자비시주얼리,서울 강남구 신사동 635-14
에이바이봄,서울 강남구 청담동 91-3
에스쁘아 플래그쉽 스토어 (이대점),서울 서대문구 대현동 33-13
두레한식당,서울 송파구 신천동 29
SUM마켓,서울 강남구 삼성동 52-1
BHC 사당점,서울 동작구 사당동 1029-45
BBQ 합정스타점,서울 마포구 서교동 395-46
아티지 (ARTAGE),서울 강남구 신사동 635-11
401 (홍대),서울 마포구 서교동 395-17
의릉,서울 성북구 석관동 산1-5
더 스트리트 (THE STREET),서울 강남구 청담동 125-17
SMT SEOUL,서울 강남구 청담동 125-24
너드온어스 (Nerd on earth),서울 용산구 이태원동 118-57
봉주르하와이,서울 마포구 서교동 395-112
삼성 딜라이트,서울 서초구 서초동 1320-10
남산예술센터,서울 중구 예장동 8-19
종이나라박물관,서울 중구 장충동1가 62-35
생각꿈틀미술관,서울 서초구 양재2동 310 언남고등학교 내 언남문화체육센터
남산서울타워 한복문화 체험관,서울 용산구 용산동2가 산 1-3
이슬람 서울중앙성원,서울 용산구 이태원동 15-34
이태원랜드,서울 용산구 한남동
국립어린이민속박물관,서울 종로구 세종로 1-1
서서울호수공원,서울 양천구 신월동 149-20
청계천박물관,서울 성동구 마장동 527-4
양재 시민의 숲,서울 서초구 양재2동
고덕 수변생태공원,서울 강동구 고덕동
정샘물 인스피레이션,청담WEST점 : 서울 강남구 청담동 93-5
뮤지엄김치간,서울 종로구 관훈동 196-10
라트어린이극장 ,서울 강남구 도곡동 514-1
갤러리 학고재,서울 종로구 소격동
네이처 포엠,서울 강남구 청담동 118-17
뚝섬유원지,서울특별시 광진구 자양동 704-1
배재학당역사박물관,서울특별시 중구 정동 34-5
민속극장 풍류,서울 강남구 삼성동 112-2
DMC 홍보관,서울 마포구 상암동
원효로성당,서울 용산구 원효로4가 1-1
홍대 놀이터,서울 마포구 서교동 358-36
세오갤러리,서울 서초구 서초동 1544-4
경희대학교 한의학역사박물관,서울 동대문구 회기동
북촌동양문화박물관,서울 종로구 삼청동 35-91
양재천&탄천,"서울특별시 서초구 대치동 양재천 , 서울특별시 송파구 삼전동 탄천"
서울월드컵경기장,서울 마포구 성산동
구암공원,서울 강서구 가양동 1471
대한성공회서울주교좌성당(서울성공회성당),서울 중구 정동
문화역서울 284,서울 중구 봉래동2가 122-28
워커힐 카지노,서울 광진구 광장동 
정동제일교회,서울특별시 중구 정동
망우리공원,서울 중랑구 망우동
성균관대학교,서울 종로구 명륜3가 53-21
서울올림픽기념관,서울 송파구 방이동 88
예술의 전당 한가람미술관,서울 서초구 서초동
하늘물빛(전통 천연 염색 연구소) ,서울 종로구 원서동 39
메세나폴리스,서울특별시 마포구 서교동
롯데 영플라자 명동점,서울 중구 남대문로2가 123
가나아트센터,서울 종로구 평창동 97
마로니에공원,서울 종로구 동숭동 1-124
라뷰티코아 도산점(본점),서울 강남구 청담동 100-30
마포대교 바람의 길/서울색공원 ,서울 영등포구 여의도동 8
YG 엔터테인먼트,서울 마포구 합정동 397-5
Addicted,서울 강남구 신사동 657-25
G+Star Zone,서울 강남구 압구정동 495
용산전자상가,서울시 용산구 한강로 3가 16-9
사직단,서울 종로구 사직동 1-48
템플스테이 홍보관,서울 종로구 견지동 71
B-ONE,서울 용산구 이태원동 123-15
궁중음식연구원,서울 종로구 원서동
SM 사옥,서울 강남구 청담동 106-16번지
Re:CODE ,서울 용산구 한남동 683-141
켄싱턴 호텔 뉴욕뉴욕,서울 영등포구 여의도동 13-3
JYP엔터테인먼트,서울 강동구 성내동 448-9
서울애니메이션센터,서울 중구 회현동2가 10-1
아리랑 영화의 거리,서울 성북구 돈암동 ~ 정릉동
위안부 '기억의 터',서울 중구 예장동 2-1
풍월당,서울 강남구 신사동 657-37
팩토리,서울 종로구 창성동 127-3
정독도서관,서울 종로구 화동 2
매화공원,서울 강서구 등촌동 630-10
KBS 온(ON),서울 영등포구 여의도동 18
풍납토성,서울 송파구 풍납동 80-36
까델루포,서울 종로구 효자동
대학로,서울 종로구 혜화동 일대
구 공업전습소 본관(구 중앙시험소 청사),서울 종로구 동숭동 169-1 
금호미술관,서울 종로구 사간동 78
여의도 공원 ,서울 영등포구 여의도동 2
우장공원,서울 강서구 화곡동 980-16
진관사,서울특별시 은평구 진관동
유니버설아트센터,서울 광진구 능동 25
여의도샛강생태공원,서울 영등포구 여의도동 4-9
아름다운 차박물관,서울 종로구 인사동 193-1
정보소극장,서울 종로구 동숭동
암사동 선사주거지,서울 강동구 암사동 155
서래마을,서울특별시 서초구 반포4동(서래로 32)
김종영 미술관,서울 종로구 평창동
안동교회 소허당,서울 종로구 안국동 27
석촌호수 야경,서울 송파구 잠실동 47 서울놀이마당
코엑스 아쿠아리움,서울 강남구 삼성동 159 코엑스아쿠아리움
경인미술관,서울 종로구 관훈동
어린이대공원,서울시 광진구 능동 18
강서습지생태공원 ,서울특별시 강서구 방화동 47
예지원,서울 중구 장충동2가
고척근린공원,서울 구로구 고척2동 산 9-14
불광천,서울 은평구 불광동 서대문구 북가좌동 일대
홍릉숲(홍릉수목원) ,서울 동대문구 청량리동 207
세종이야기 <U+2022> 충무공이야기,서울 종로구 세종로 81-3
백악(북악)산（서울 한양도성）,서울 종로구 누상동 산 1-3
홍제천,서울 서대문구 홍제동
영학정,서울 양천구 목동 915
살곶이다리（전곶교）,서울 성동구 행당동
북악산 야경,서울 종로구 부암동
햇츠온 가로수길점,강남구 신사동 541
명동예술극장,서울 중구 명동1가 54
국립현대미술관 창동레지던시,서울 도봉구 창동
경교장,서울 종로구 평동 108-1
동숭아트센터,서울 종로구 동숭동
만해한용운 심우장,서울 성북구 성북동 222-1
서울 무형문화재 교육전시장,서울 종로구 재동 53-1
국립극장,서울 중구 장충동2가 산 14-67
광진교 8번가, 서울 강동구 천호동 527-2 (광진교8번가)
남산서울타워 야경,서울 용산구 용산동2가 산 1-3
전기박물관,서울 서초구 서초동 1355
서울시민 광나루안전체험관,서울 광진구 능동 18
LG사이언스홀,서울 영등포구 여의도동 20
리기태전통연공방,서울 종로구 원서동 41
두산아트센터,서울 종로구 연지동 270
서울놀이마당,서울 송파구 잠실3동 47
도산공원,서울 강남구 신사동 649-9
허준박물관,서울 강서구 가양2동
aA 갤러리(aA 디자인 뮤지엄),서울 마포구 서교동
디아갤러리,서울 종로구 계동
갤러리 현대,서울 종로구 사간동 80
빈티지보니,서울 종로구 익선동 166-51
보라매공원,서울 동작구 신대방동 395
국립서울현충원,서울 동작구 사당2동 산 41-2
겸재정선미술관,서울 강서구 가양1동 243-1
보라매 암벽등반장,서울 동작구 신대방동 395
충무아트센터,서울 중구 흥인동 131
연세대학교 스팀슨관&언더우드관&아펜젤러관,서울 서대문구 신촌동
청와대,서울 종로구 세종로 1
롯데월드 민속박물관,서울 송파구 잠실동 40-1
길동생태공원,서울 강동구 길동 3
일민미술관,서울 종로구 세종로 139-8
순라길,서울시 종로구 권농동 113 일대
선유교,서울 영등포구 양화동 95
아르코(ArKo)예술극장,서울 종로구 동숭동
SM TOWN 스타디움,서울 중구 을지로7가 2-1
서울상상나라,서울 광진구 능동 18
양화진외국인선교사묘원,서울 마포구 합정동 144
세븐럭 카지노(강남),서울 강남구 삼성동
여의도 한강공원 수영장,서울특별시 영등포구 여의도동 8
안중근의사기념관,서울 중구 남대문로5가 471
윤봉길 의사 기념관,서울 서초구 양재동 236
남산공원,서울 중구 예장동 산5-85 남산제1별관
몽촌토성,서울 송파구 방이동
조계사,서울 종로구 견지동
이화장(梨花莊),서울특별시 종로구 이화동
락고재,서울 종로구 계동 99-2
동대문 한복카페,서울 중구 을지로6가 18-66
응봉 암벽 등반 공원,서울 성동구 응봉동
아시안무드,서울 종로구 누상동 52-2
우연수집,서울 종로구 누상동 52-2
구루루,서울 종로구 누하동 248
약현성당,서울 중구 중림동 149-2
의학박물관(구 대한의원) ,서울특별시 종로구 연건동 28-21
세종문화회관,서울 종로구 세종로 81-3
서울도서관 (옛 서울시청사),서울특별시 중구
아트선재센터,서울 종로구 소격동 144-2
한국의집,서울 중구 필동2가 80-2
목동 아이스링크,서울시 양천구 목동 914
목인박물관,서울 종로구 견지동
국립 4.19민주묘지,서울 강북구 수유동 산 9-1
산울림소극장,서울 마포구 서교동
아름지기,서울 종로구 통의동
코레아노스키친 압구정점,강남구 신사동 657-11
아르코 미술관,서울 종로구 동숭동 1-130
정동극장,서울 중구 정동 8-11
JUMP(점프) 전용극장,서울 중구 초동 18-5
어라운드더코너 가로수길점,강남구 신사동 532-5
북촌상회　,서울 종로구 계동 105
북촌문화센터,서울 종로구 계동 105
국악사랑,서울 종로구 가회동 11-39
가회민화박물관　,서울 종로구 가회동 28
옻칠 공방　,서울 종로구 재동 33
전통혼례보공방　,서울 종로구 계동 2-39
전통공예체험관,서울 종로구 가회동 11-91
초고공방 고드랫돌,서울 종로구 가회동 35-2
우리빛깔공방,서울 종로구 가회동 31-69
동림매듭공방,서울 종로구 가회동 11-7
금박연,서울 종로구 가회동 11-18
한상수 자수공방,서울 종로구 가회동 11-32
지형공방 홍벽헌　,서울 종로구 원서동 38
전통연공방　,서울 종로구 원서동 41
심화숙 한지공방　,서울 종로구 계동 32-10
이소정 한복공방,서울 종로구 안국동 17-19
나전과 옻칠　　,서울 종로구 계동 25
우리집 게스트하우스,서울특별시 종로구 계동 104-3
명동실탄사격장,서울 중구 충무로2가 11-1
운현궁 ,서울 종로구 운니동 114-10
반디네일 압구정직영점,강남구 신사동 664-2
예림당아트홀,서울 강남구 역삼동 772
서대문독립공원,서울 서대문구 현저동
피규어뮤지엄W,서울 강남구 청담동 84-9
용마폭포공원,서울 중랑구 면목동 산 1-4
씨네 드 쉐프 ,서울 강남구 신사동 602
이화여고 100주년 기념관,서울 중구 정동 32
더클래스 청담,서울 강남구 청담동 82-4
롯데월드 아이스링크,서울 송파구 잠실동 40-1
명동관광정보센터,서울 중구 을지로2가 181
국립현대미술관 서울관 갤러리아트존,서울 종로구 소격동 165
"태릉, 강릉",서울 노원구 공릉동 산 223-19
서울의료관광 헬프데스크 ,서울 중구 충무로2가 64-5
리얼케이팝댄스(REAL K-POP DANCE),서울 마포구 서교동 479-8
MBC WORLD(MBC월드),서울 마포구 상암동 1603
신라면세점,서울 중구 장충동2가 202
국립현대미술관-서울관,서울 종로구 소격동 165
빌라드베일리,서울 강남구 논현동 6-2
코엑스,서울 강남구 삼성동 159
라움,서울 강남구 역삼동 680-1
KT&G 상상마당,서울 마포구 서교동 367-5
이비스스타일 앰배서더 명동 르스타일 레스토랑&바,서울 중구 충무로2가 53-10
호텔카푸치노,서울 강남구 논현동 206-1
하드록카페 서울,서울 송파구 신천동 29
프라디아,서울 서초구 잠원동 121-8
요트에비뉴,서울 서초구 반포동 1337-4
영빈관(신라호텔),서울 중구 장충동2가 202
국립극장,서울 중구 장충동2가 산 14-67
크리에이티브통 ‘박물관은 살아 있다’,서울 강남구 역삼동 719-1
N 서울타워,서울 용산구 용산동2가 산 1-3
난타,서울 종로구 연건동 128-8
점프,서울 중구 초동 18-5
정동극장,서울 중구 정동 8-11
한화 호텔&리조트 63빌딩,서울 영등포구 여의도동 60
1898 명동성당 ,서울 중구 명동2가 1-1
동대문디자인플라자,서울 중구 을지로7가 2-1
서울로 7017,서울 중구 만리동1가 61-2
남산골한옥마을,서울 중구 필동2가 84-1
세종대 컨벤션센터,서울 광진구 군자동 98
63컨벤션센터,서울 영등포구 여의도동 60
한국의 집,서울 중구 필동2가 80-2
서울돈화문국악당,서울 종로구 와룡동 12-2
국립민속박물관,서울 용산구 용산동6가 168-6
롯데월드 어드벤처,서울 송파구 잠실동 40-1
국립중앙박물관,서울 용산구 용산동6가 168-6
두가헌,서울 종로구 사간동 82-1
탑클라우드,서울 종로구 종로2가 6
국립한글박물관,서울 용산구 용산동6가 168-6
예술의전당,서울 서초구 서초동 700
한강,서울 영등포구 여의도동 2
남산서울타워 ,서울 용산구 용산동2가 산 1-3
방이동 백제고분군,서울 송파구 방이동
감로천 생태공원 ,서울 금천구 독산4동
세검정,서울 종로구 신영동
수라한우마당,서울 강서구 가양동 106-1
김포공항관광정보센터,서울 강서구 방화동 886
렛츠런 문화공감센터 워커힐,서울 광진구 광장동 21
올림픽공원,서울 송파구 방이동 88
카이스갤러리,서울 강남구 신사동 638-9
경희대학교 자연사박물관,서울 동대문구 회기동 1
선정릉(선릉),서울시 강남구 삼성동 135-4
트릭아이뮤지엄,서울 마포구 서교동 357-1 서교프라자 B2
카페모네,서울 강남구 평창동 462-4 (주)하이링매니저
대한민국역사박물관,서울시 종로구 세종로 82-1 대한민국역사박물관
서울글로벌문화체험센터,서울시 중구 명동2가 31-1 엠 플라자 5층
국회의사당,서울시 영등포구 여의도동 1
호림박물관(신사분관),서울 강남구 신사동 651-24
떡박물관,서울 종로구 와룡동 164-2
서울광장,서울 중구 태평로1가
포토 갤러리 앤 카페,서울 강남구 논현동 111-20
시네코아셰프전용관,서울 종로구 관철동 33-1
선유도 야경,서울 영등포구 당산동 1
매봉산 야경,서울특별시 중구 신당동
반포대교 야경,서울 용산구 서빙고동
63전망대 야경,서울 영등포구 여의도동 60
하늘공원 야경,서울 마포구 상암동 482
낙산공원 야경,서울특별시 종로구 동숭동 산2-10
광화문광장 야경,서울특별시 종로구 세종로 1-68
테지움 서울,서울 종로구 창신동 328-18
태릉 아이스링크,서울 노원구 공릉동 산 223-19
반포대교 달빛무지개분수 ,서울 서초구 반포동 1333-1
한강 이랜드크루즈,서울 영등포구 여의도동 85-1
화계사,서울 강북구 수유1동 487
흥인지문(동대문),서울 종로구 종로6가 69
서울시립미술관 (서소문본관),서울 중구 서소문동 37
서울랜드 ,경기 과천시 막계동 33
삼성미술관 리움 ,서울 용산구 한남동 742-1
경희궁,서울 종로구 신문로2가 1-126
석촌호수공원 ,서울 송파구 잠실동 47
정동길,서울 중구 충정로1가 51-11
전쟁기념관,서울 용산구 용산동1가 8
종묘,서울 종로구 훈정동 1-2
국립중앙박물관,서울 용산구 용산동6가 168-6
봉은사 ,서울 강남구 삼성동 73
선유도 공원,서울 영등포구 당산동 1
북한산국립공원,서울 성북구 정릉동 산 1-1
세븐럭 카지노(강북 힐튼점) ,서울 중구 남대문로5가 395
창경궁,서울 종로구 와룡동 2-1
창덕궁,서울 종로구 와룡동 2-71
통인시장,서울 종로구 통인동 10-3
남산골 한옥마을,서울 중구 필동2가 84-1
63스퀘어,서울 영등포구 여의도동 60
DDP(동대문디자인플라자) ,서울 중구 을지로7가 2-1
서울 한양도성,서울 종로구 종로6가 70-6
경복궁,서울 종로구 세종로 1-1
청계천,서울 종로구 서린동 146
그레뱅 뮤지엄,서울 중구 을지로1가 63
영화 '괴물' 조형물,서울 영등포구 여의도동 8
국립국악박물관,서울 서초구 서초동 700
인천국제공항 서울관광정보센터,인천 중구 운서동 2840
워커힐호텔,서울특별시 광진구 광장동 22-1
여의도 한강공원(소녀시대숲),서울특별시 영등포구 여의도동 윤중로
스티브요니,서울 강남구 신사동 534-24 1층
한남볼링센터,서울 용산구 한남동 726-173 지하 2층
핫트랙스 타임스퀘어점,서울 영등포구 영등포동4가 442
사단법인 전통문화원,서울 종로구 통인동 101
카페 로쏘,서울 종로구 팔판동 40-1
메이필드 호텔,강서구 외발산동 426
스타일난다 플래그십스토어,마포구 서교동 335-21
MBC가든스튜디오,서울 마포구 상암동 1603
현대원서공원,서울 종로구 원서동 181
놋그릇가지런히 놋이,종로구 통인동 118-9
와인북카페,서울특별시 강남구 논현동8-9
900PUB(포차인뉴욕),서대문구 창천동 57-20
데싱디바 네일,서울 중구 명동2가 97-2
음악의 숲,중구 광희동1가 182-30
호텔 더 디자이너스 삼성점,강남구 삼성동 144-7
올리브영 Lifestyle Experience Center,중구 명동1가9-20
빠드두(pas de deux),서울특별시 성동구 성수동2가 323
오다리집,"서울특별시 중구 충무로1가 22-17, 2～3F"
MCM 스페이스,중구 충무로2가 8-1
부티크모나코,서울특별시 서초구 서초동
루카511,서울 강남구 청담동 115-16
와팝(WAPOP),서울 광진구 능동 18
새김소리,종로구 관훈동 196-6
잠실카트체험장,서울 송파구 잠실동 10
시민청,서울 중구 태평로1가 31
성곽길 예술놀이터 꼬레아트(Core Art),서울 중구 신당동 432-612
국립현대미술관 서울관,서울 종로구 소격동 165
용산전자랜드,서울 용산구 한강로3가
서울에너지드림센터,서울 마포구 상암동 1535-3
티켓라운지 씬디,서울 마포구 서교동 365-29
한성백제박물관,서울 송파구 방이동 88-20
10 꼬르소 꼬모,서울 강남구 청담동 79
롤링홀,서울 마포구 서교동 402-22
더 다이닝 호수,서울 송파구 잠실동 47
SPAO,서울 중구 충무로1가 24-23
KBS 신관 / 별관,서울 영등포구 여의도동 18 (KBS 신관) / 여의도동 46 (KBS별관)
서울마리나 요트&클럽,서울 영등포구 여의도동 81-8
흑석동 효사길,서울 동작구 흑석동 173-191
팡팡크루즈,서울 영등포구 여의도동 85-1
콘래드 서울 호텔,서울 영등포구 여의도동
클럽 NB,서울 마포구 서교동 362-4
삼거리포차,서울특별시 마포구 서교동
아이야 카페,서울 마포구 서교동 376-15
라움에디션,서울특별시 강남구 압구정동 494번지 WEST 3층
커피오카,서울 강남구 신사동 659-9
나무엑터스,(본사) 서울 강남구 논현동
트리제이컴퍼니,서울 강남구 청담동
FNC 사옥,서울 강남구 청담동 111
디지털미디어시티,서울특별시 마포구 상암동
오보코 갤러리,서울 성북구 성북동
대오서점,서울 종로구 누하동
여랑재,서울 종로구 가회동 31-55
별다방 미스리 안국점,서울 종로구 관훈동 144
송월동 일대,서울 종로구 송월동
신선설농탕,서울 중구 명동2가 2-2
한국관광공사 서울센터 (K Style Hub),서울 중구 다동
YG샵,서울 중구 남대문로2가
손기정기념관,서울 중구 만리동2가 6-1
경희대학교 중앙박물관,서울특별시 동대문구 회기동 1-5
강남관광정보센터,서울시 강남구 압구정동
토성산성어울길,서울특별시 송파구 오륜동
한국문화의집 코우스(KOUS),서울 강남구 대치동 944-22
초전섬유퀼트박물관,서울 중구 남산동1가 20
쌈지길 체험공방,서울 종로구 관훈동
국립국악원,서울 서초구 서초동 700
서울대공원,경기 과천시 막계동 159-1
서울김치문화체험관,서울 중구 충무로2가 12-27
헌인릉,서울 서초구 내곡동 산 13-1
신당창작아케이드,서울 중구 황학동 119
청원산방,서울 종로구 계동 79-12
이종남 자연염색연구소,서울시 종로구 가회동 79-4
북서울꿈의숲,서울특별시 강북구 번동 산28-6
한의약 박물관,서울 동대문구 용두동 787
대각사,서울 종로구 봉익동 3
난타전용관(홍대),서울 마포구 서교동 357-4
뚝섬 한강공원 수영장,서울시 광진구 자양3동 112번지
난타전용관(명동),서울 중구 명동2가 50-14
몽촌역사관,서울 송파구 방이동 88-3
서울풍물시장 전통문화체험관,서울 동대문구 신설동 109-5
광화문광장,서울 종로구 세종로
명보아트홀,서울 중구 초동
하늘공원,서울 마포구 상암동 482
화랑로 낙엽거리,서울 노원구 공릉동
영휘원 / 숭인원(홍릉),서울 동대문구 청량리동 205
사육신공원,서울특별시 동작구 노량진1동 155-1
관악산,서울 관악구 대학동
환구단(원구단),서울시 중구 소공동 87-1
스파레이,서울 서초구 잠원동 8-22
홍지문 탕춘대성,서울 종로구 홍지동
명동성당,서울 중구 명동2가 1-1
잠실 한강공원,서울 송파구 잠실동
예술의 전당,서울 서초구 서초동
반포 한강공원,서울시 서초구 반포동 115-5
인왕산,서울 종로구 무악동
불암산,서울특별시 노원구 중계동 산26 불암산공원관리실
송은아트큐브 (舊 송은갤러리),서울 강남구 대치동 947-3
낙산공원,서울 종로구 동숭동 산 2-10
해치홀,서울 중구 명동2가 31-1
학전블루소극장,서울 종로구 동숭동 1-79
해피데이,서울 광진구 자양동
이촌 한강공원,서울시 용산구 이촌동 302-17
도봉산,서울 도봉구 도봉동
봉황각,서울 강북구 우이동
콴챈루거리,서울시 중구 명동2가 83-7
성균관 명륜당,서울 종로구 명륜동3가
수락산,서울 노원구 상계동
청운공원,서울시 종로구 청운동 3-55
결련택견 중앙본부 전수관,서울 종로구 인사동 110
토탈미술관,서울 종로구 평창동 465-16
낙성대 공원,서울 관악구 봉천동 228
하얏트 아이스링크,서울 용산구 한남동 747-7
KT square (KT스퀘어),서울 종로구 세종로
잠원 한강공원,서울시 서초구 잠원동 121
한강 자전거 코스,한강 공원
망원 한강공원,서울 마포구 망원동
문래동 예술촌,서울 영등포구 문래동3가 54-39
서울극장,서울 종로구 관수동 59-7
서울역사박물관,서울 종로구 신문로2가 2-1
잠실야구장,서울 송파구 잠실동
춘원당 한방박물관,서울 종로구 낙원동 154
서대문자연사박물관,서울특별시 서대문구 연희동
아라리오 서울 갤러리,서울특별시 종로구 소격동 76
정릉,서울 성북구 정릉동 508
한국가구박물관,서울 성북구 성북동 330-577
불광천 해담는다리,서울 서대문구 북가좌동 345-1
영어과학공원,서울 노원구 중계동 507-1
강변스파랜드 (Riverside Spa Land),서울 광진구 구의동 
테크노마트,서울 광진구 구의동 546-4
롯데월드 어드벤처,서울 송파구 잠실동
북악스카이웨이 팔각정,서울시 종로구 평창동 산6-17
월드컵공원,서울특별시 마포구 상암동 481-6
삼청동 골목길,서울 종로구 가회동
덕수궁,서울 중구 정동
국립현대미술관 덕수궁관,서울 중구 정동
중랑천 제방,서울 중랑구 면목동
국립민속박물관,서울 종로구 세종로 1-1
중랑천,서울 중랑구 중화동
국립중앙도서관,서울특별시 서초구 반포4동
금현국악원,서울 종로구 안국동
한상수자수박물관,서울 종로구 가회동
한국자수박물관,서울 강남구 논현동 89-4
짚풀생활사박물관,서울 종로구 명륜2가 8-4
삼성출판박물관,서울 종로구 구기동 126-4
서울대학교 미술관 MoA,서울 관악구 신림동 산 56-1
성곡미술관,서울 종로구 신문로2가 1-101
보신각(상설타종행사),서울 종로구 관철동 45-5
서울숲,서울시 성동구 성수동1가 685-20
서대문형무소역사관,서울 서대문구 현저동 101
아트 스페이스 풀,서울 종로구 구기동 56-13
길상사,서울 성북구 성북2동
국제갤러리,서울시 종로구 소격동 59-1
고려대학교 본관 및 구 중앙도서관,서울 성북구 안암동5가 1-2
국기원,서울 강남구 역삼동 635
PKM갤러리,서울 종로구 삼청동 157-83
한국은행화폐박물관,서울 중구 남대문로3가 110번지
관훈동 민씨 가옥,서울 중구 필동2가 84-1
서초관광정보센터,서울 서초구 서초동 1318-8
쇳대박물관,서울 종로구 동숭동
세븐럭 카지노,서울 강남구 삼성동 159
아라아트센터,서울 종로구 견지동 85-24
댄스뮤지컬 사춤 ,서울 종로구 관철동 33-1
세빛섬,서울 서초구 반포동 650
예술가의 집 (구 서울대학교 본관),서울 종로구 동숭동
LG아트센터,서울 강남구 역삼동 679
청와대 사랑채,서울 종로구 효자동 150
스페이스 씨,서울 강남구 신사동
신사동 가로수길,서울 강남구 신사동 530
서울남산국악당,서울 중구 필동2가 84-1
탑골공원,서울 종로구 종로2가
여의도 KBS,서울 영등포구 여의도동 18
세빛섬,서울 서초구 반포동 650
